Symbol,Zacks Rating
MMM,3
AOS,2
ABT,3
ABBV,3
ACN,4
ADBE,3
AMD,3
AES,3
AFL,3
A,3
APD,3
ABNB,3
AKAM,5
ALB,4
ARE,3
ALGN,3
ALLE,2
LNT,3
ALL,3
GOOGL,3
GOOG,3
MO,3
AMZN,2
AMCR,4
AEE,4
AAL,3
AEP,3
AXP,3
AIG,3
AMT,3
AWK,4
AMP,3
AME,3
AMGN,3
APH,1
ADI,2
ANSS,3
AON,3
APA,3
AAPL,2
AMAT,3
APTV,3
ACGL,3
ADM,3
ANET,3
AJG,3
AIZ,3
T,3
ATO,2
ADSK,3
ADP,3
AZO,3
AVB,3
AVY,2
AXON,3
BKR,2
BALL,4
BAC,3
BK,3
BBWI,3
BAX,2
BDX,3
BBY,3
BIO,3
TECH,3
BIIB,4
BLK,4
BX,4
BA,4
BKNG,3
BWA,2
BXP,4
BSX,3
BMY,3
AVGO,2
BR,2
BRO,2
BLDR,4
BG,3
CDNS,4
CZR,5
CPT,3
CPB,3
COF,3
CAH,3
KMX,3
CCL,3
CARR,3
CTLT,5
CAT,3
CBOE,3
CBRE,3
CDW,4
CE,3
COR,3
CNC,3
CNP,2
CF,3
CHRW,3
CRL,3
SCHW,3
CHTR,3
CVX,2
CMG,3
CB,3
CHD,2
CI,2
CINF,3
CTAS,2
CSCO,3
C,3
CFG,3
CLX,3
CME,3
